city_state,income_avg
"autauga, al",46814
"baldwin, al",50953
"barbour, al",37850
"bibb, al",34300
"blount, al",38808
"bullock, al",31944
"butler, al",39988
"calhoun, al",40195
"chambers, al",38508
"cherokee, al",37869
"chilton, al",38778
"choctaw, al",42231
"clarke, al",40822
"clay, al",37179
"cleburne, al",37734
"coffee, al",45262
"colbert, al",41941
"conecuh, al",36908
"coosa, al",34683
"covington, al",37930
"crenshaw, al",38161
"cullman, al",42659
"dale, al",40111
"dallas, al",41195
"dekalb, al",35100
"elmore, al",47270
"escambia, al",37137
"etowah, al",39852
"fayette, al",38001
"franklin, al",37362
"geneva, al",38358
"greene, al",35992
"hale, al",41190
"henry, al",45409
"houston, al",47072
"jackson, al",40089
"jefferson, al",58424
"lamar, al",37161
"lauderdale, al",40729
"lawrence, al",38098
"lee, al",42468
"limestone, al",47695
"lowndes, al",44921
"macon, al",37834
"madison, al",57128
"marengo, al",43854
"marion, al",36330
"marshall, al",40045
"mobile, al",42823
"monroe, al",38192
"montgomery, al",47776
"morgan, al",44679
"perry, al",36217
"pickens, al",36861
"pike, al",40342
"randolph, al",35208
"russell, al",36526
"shelby, al",59588
"st. clair, al",43279
"sumter, al",35310
"talladega, al",38300
"tallapoosa, al",45058
"tuscaloosa, al",42868
"walker, al",44095
"washington, al",40371
"wilcox, al",38273
"winston, al",38382
"anchorage, ak",70477
"bethel, ak",47936
"bristol bay, ak",152678
"denali borough, ak",72967
"dillingham census area, ak",60792
"fairbanks north star borough, ak",62254
"haines borough, ak",64956
"hoonah-angoon census area, ak",64708
"juneau city and borough, ak",74162
"kenai peninsula borough, ak",56139
"ketchikan gateway borough, ak",70574
"kodiak island borough, ak",66988
"kusilvak census area, ak",33968
"lake and peninsula borough, ak",63397
"matanuska-susitna borough, ak",50386
"nome census area, ak",55950
"north slope borough, ak",90809
"northwest arctic borough, ak",52440
"petersburg borough, ak",72412
"prince of wales-hyder census area, ak",48970
"sitka city and borough, ak",70996
"skagway municipality, ak",66548
"southeast fairbanks census area, ak",54808
"wrangell city and borough, ak",48549
"yakutat city and borough, ak",66119
"yukon-koyukuk census area, ak",63675
"apache, az",38915
"cochise, az",45786
"coconino, az",53036
"gila, az",44201
"graham, az",35072
"greenlee, az",44050
"la paz, az",39482
"maricopa, az",53521
"mohave, az",36529
"navajo, az",36169
"pima, az",48373
"pinal, az",35949
"santa cruz, az",42204
"yavapai, az",44490
"yuma, az",40800
"ashley, ar",38489
"baxter, ar",39950
"benton, ar",94289
"boone, ar",38108
"bradley, ar",42037
"calhoun, ar",38509
"carroll, ar",34692
"chicot, ar",44762
"clark, ar",39450
"clay, ar",39157
"cleburne, ar",41656
"cleveland, ar",40366
"columbia, ar",38806
"conway, ar",40633
"craighead, ar",40728
"crawford, ar",35919
"crittenden, ar",41474
"cross, ar",41715
"dallas, ar",40611
"desha, ar",44920
"drew, ar",40726
"faulkner, ar",41943
"franklin, ar",33885
"fulton, ar",31840
"garland, ar",44358
"grant, ar",41674
"greene, ar",38560
"hempstead, ar",33760
"hot spring, ar",34110
"howard, ar",34751
"independence, ar",38266
"izard, ar",32606
"jackson, ar",41646
"jefferson, ar",39443
"johnson, ar",30728
"lafayette, ar",38307
"lawrence, ar",38065
"lee, ar",32359
"lincoln, ar",29008
"little river, ar",37075
"logan, ar",34433
"lonoke, ar",43537
"madison, ar",34012
"marion, ar",33493
"miller, ar",37065
"mississippi, ar",37730
"monroe, ar",40475
"montgomery, ar",32125
"nevada, ar",35808
"newton, ar",32731
"ouachita, ar",41877
"perry, ar",38404
"phillips, ar",38155
"pike, ar",33920
"poinsett, ar",37307
"polk, ar",32573
"pope, ar",36617
"prairie, ar",42843
"pulaski, ar",55563
"randolph, ar",36401
"saline, ar",45692
"scott, ar",32290
"searcy, ar",31657
"sebastian, ar",45586
"sevier, ar",32926
"sharp, ar",35612
"st. francis, ar",30903
"stone, ar",32753
"union, ar",48669
"van buren, ar",34482
"washington, ar",43817
"white, ar",39598
"woodruff, ar",45248
"yell, ar",33506
"alameda, ca",87078
"alpine, ca",76175
"amador, ca",47721
"butte, ca",50279
"calaveras, ca",53026
"colusa, ca",57382
"contra costa, ca",92264
"del norte, ca",40192
"el dorado, ca",72662
"fresno, ca",48495
"glenn, ca",52219
"humboldt, ca",50182
"imperial, ca",44500
"inyo, ca",64335
"kern, ca",44721
"kings, ca",41829
"lake, ca",47144
"lassen, ca",40490
"los angeles, ca",68272
"madera, ca",44532
"marin, ca",145575
"mariposa, ca",57828
"mendocino, ca",54795
"merced, ca",43914
"modoc, ca",52779
"mono, ca",54586
"monterey, ca",61510
"napa, ca",82408
"nevada, ca",64876
"orange, ca",74618
"placer, ca",72279
"plumas, ca",55029
"riverside, ca",45834
"sacramento, ca",58307
"san benito, ca",60807
"san bernardino, ca",44831
"san diego, ca",66266
"san francisco, ca",144818
"san joaquin, ca",51816
"san luis obispo, ca",62342
"san mateo, ca",141841
"santa barbara, ca",67879
"santa clara, ca",123661
"santa cruz, ca",75957
"shasta, ca",51649
"sierra, ca",49139
"siskiyou, ca",49664
"solano, ca",58688
"sonoma, ca",71386
"stanislaus, ca",48954
"sutter, ca",50730
"tehama, ca",46007
"trinity, ca",43877
"tulare, ca",46348
"tuolumne, ca",49708
"ventura, ca",67422
"yolo, ca",58391
"yuba, ca",46373
"adams, co",48115
"alamosa, co",42974
"arapahoe, co",66691
"archuleta, co",46287
"baca, co",53223
"bent, co",33591
"boulder, co",79649
"broomfield, co",67495
"chaffee, co",51361
"cheyenne, co",61731
"clear creek, co",67132
"conejos, co",39847
"costilla, co",38430
"crowley, co",23751
"custer, co",45691
"delta, co",42127
"denver, co",85411
"dolores, co",42093
"douglas, co",78980
"eagle, co",87872
"el paso, co",54151
"elbert, co",63970
"fremont, co",38952
"garfield, co",62581
"gilpin, co",55256
"grand, co",57476
"gunnison, co",51025
"hinsdale, co",49423
"huerfano, co",46859
"jackson, co",62008
"jefferson, co",68829
"kiowa, co",66839
"kit carson, co",47198
"la plata, co",61304
"lake, co",40344
"larimer, co",58725
"las animas, co",43118
"lincoln, co",35695
"logan, co",46217
"mesa, co",48435
"mineral, co",73101
"moffat, co",47467
"montezuma, co",46919
"montrose, co",45262
"morgan, co",48701
"otero, co",41333
"ouray, co",67263
"park, co",48514
"phillips, co",49877
"pitkin, co",155067
"prowers, co",41990
"pueblo, co",43196
"rio blanco, co",52422
"rio grande, co",53641
"routt, co",85836
"saguache, co",40032
"san juan, co",50039
"san miguel, co",93954
"sedgwick, co",50896
"summit, co",77754
"teller, co",54587
"washington, co",49287
"weld, co",52054
"yuma, co",47285
"fairfield, ct",120244
"hartford, ct",67938
"litchfield, ct",67118
"middlesex, ct",71291
"new haven, ct",60092
"new london, ct",61191
"tolland, ct",59590
"windham, ct",50747
"kent, de",46600
"new castle, de",59955
"sussex, de",54352
"alachua, fl",49556
"baker, fl",36552
"bay, fl",50696
"bradford, fl",36301
"brevard, fl",51507
"broward, fl",55908
"calhoun, fl",32264
"charlotte, fl",45606
"citrus, fl",41933
"clay, fl",47407
"collier, fl",103865
"columbia, fl",38243
"desoto, fl",27863
"dixie, fl",30651
"duval, fl",51131
"escambia, fl",47381
"flagler, fl",50599
"franklin, fl",39452
"gadsden, fl",38507
"gilchrist, fl",37425
"glades, fl",28116
"gulf, fl",49666
"hamilton, fl",29383
"hardee, fl",31775
"hendry, fl",35546
"hernando, fl",41385
"highlands, fl",37158
"hillsborough, fl",51848
"holmes, fl",34661
"indian river, fl",84607
"jackson, fl",38710
"jefferson, fl",44065
"lafayette, fl",30032
"lake, fl",46563
"lee, fl",54707
"leon, fl",48850
"levy, fl",40598
"liberty, fl",28496
"madison, fl",35828
"manatee, fl",52395
"marion, fl",41553
"martin, fl",89185
"miami-dade, fl",57213
"monroe, fl",106583
"nassau, fl",64746
"okaloosa, fl",54630
"okeechobee, fl",34998
"orange, fl",49390
"osceola, fl",39210
"palm beach, fl",87478
"pasco, fl",45461
"pinellas, fl",59178
"polk, fl",39760
"putnam, fl",36354
"santa rosa, fl",49472
"sarasota, fl",70884
"seminole, fl",53403
"st. johns, fl",73944
"st. lucie, fl",43970
"sumter, fl",54533
"suwannee, fl",35987
"taylor, fl",33227
"union, fl",24593
"volusia, fl",46475
"wakulla, fl",39938
"walton, fl",69862
"washington, fl",32862
"appling, ga",39199
"atkinson, ga",31938
"bacon, ga",38281
"baker, ga",43156
"baldwin, ga",36399
"banks, ga",37333
"barrow, ga",40435
"bartow, ga",42734
"ben hill, ga",36234
"berrien, ga",35260
"bibb, ga",44830
"bleckley, ga",36712
"brantley, ga",30007
"brooks, ga",40221
"bryan, ga",56648
"bulloch, ga",35376
"burke, ga",41973
"butts, ga",37403
"calhoun, ga",28426
"camden, ga",39262
"candler, ga",36613
"carroll, ga",42058
"catoosa, ga",38815
"charlton, ga",27192
"chatham, ga",51805
"chattahoochee, ga",33166
"chattooga, ga",33855
"cherokee, ga",56278
"clarke, ga",37588
"clay, ga",38731
"clayton, ga",32702
"clinch, ga",44238
"cobb, ga",63214
"coffee, ga",35507
"colquitt, ga",37418
"columbia, ga",54420
"cook, ga",36301
"coweta, ga",52106
"crawford, ga",37563
"crisp, ga",37250
"dade, ga",37327
"dawson, ga",48170
"decatur, ga",40879
"dekalb, ga",56428
"dodge, ga",33419
"dooly, ga",34582
"dougherty, ga",40161
"douglas, ga",40264
"early, ga",42889
"echols, ga",31945
"effingham, ga",45069
"elbert, ga",38414
"emanuel, ga",37678
"evans, ga",37408
"fannin, ga",39796
"fayette, ga",71384
"floyd, ga",41238
"forsyth, ga",67859
"franklin, ga",35134
"fulton, ga",95683
"gilmer, ga",37542
"glascock, ga",36615
"glynn, ga",50480
"gordon, ga",37759
"grady, ga",37725
"greene, ga",61326
"gwinnett, ga",46886
"habersham, ga",36691
"hall, ga",48759
"hancock, ga",33557
"haralson, ga",39401
"harris, ga",51168
"hart, ga",39402
"heard, ga",34362
"henry, ga",43812
"houston, ga",46579
"irwin, ga",38364
"jackson, ga",45099
"jasper, ga",40541
"jeff davis, ga",34341
"jefferson, ga",39544
"jenkins, ga",33497
"johnson, ga",27965
"jones, ga",41436
"lamar, ga",37303
"lanier, ga",31021
"laurens, ga",41650
"lee, ga",51908
"liberty, ga",40087
"lincoln, ga",40424
"long, ga",29738
"lowndes, ga",41117
"lumpkin, ga",41181
"macon, ga",33955
"madison, ga",38890
"marion, ga",31621
"mcduffie, ga",41111
"mcintosh, ga",34500
"meriwether, ga",39121
"miller, ga",49844
"mitchell, ga",39711
"monroe, ga",48985
"montgomery, ga",34061
"morgan, ga",55032
"murray, ga",33841
"muscogee, ga",48080
"newton, ga",38256
"oconee, ga",71768
"oglethorpe, ga",38236
"paulding, ga",42595
"peach, ga",41931
"pickens, ga",50868
"pierce, ga",39979
"pike, ga",44311
"polk, ga",36190
"pulaski, ga",34636
"putnam, ga",48498
"quitman, ga",34810
"rabun, ga",44160
"randolph, ga",37204
"richmond, ga",41999
"rockdale, ga",40051
"schley, ga",35588
"screven, ga",37694
"seminole, ga",48082
"spalding, ga",38792
"stephens, ga",40153
"stewart, ga",25041
"sumter, ga",40387
"talbot, ga",38621
"taliaferro, ga",36860
"tattnall, ga",30222
"taylor, ga",33630
"telfair, ga",22644
"terrell, ga",44976
"thomas, ga",49443
"tift, ga",42279
"toombs, ga",40041
"towns, ga",42908
"treutlen, ga",31899
"troup, ga",40920
"turner, ga",39281
"twiggs, ga",44686
"union, ga",39839
"upson, ga",39391
"walker, ga",36157
"walton, ga",44977
"ware, ga",37306
"warren, ga",39545
"washington, ga",39151
"wayne, ga",34877
"webster, ga",36032
"wheeler, ga",21087
"white, ga",38858
"whitfield, ga",43456
"wilcox, ga",29895
"wilkes, ga",42093
"wilkinson, ga",40158
"worth, ga",39102
"honolulu, hi",62793
"kauai, hi",54089
"maui + kalawao, hi",51838
"ada, id",57215
"adams, id",41066
"bannock, id",41272
"bear lake, id",46370
"benewah, id",42803
"bingham, id",42541
"blaine, id",117681
"boise, id",45422
"bonner, id",44751
"bonneville, id",54601
"boundary, id",39272
"butte, id",51370
"camas, id",53373
"canyon, id",37611
"caribou, id",48595
"cassia, id",51149
"clark, id",47615
"clearwater, id",39140
"custer, id",48718
"elmore, id",42033
"franklin, id",40495
"fremont, id",40803
"gem, id",42561
"gooding, id",68597
"idaho, id",39182
"jefferson, id",40288
"jerome, id",42332
"kootenai, id",48953
"latah, id",43944
"lemhi, id",47981
"lewis, id",54918
"lincoln, id",45593
"madison, id",30838
"minidoka, id",46743
"nez perce, id",50550
"oneida, id",43117
"owyhee, id",42616
"payette, id",44312
"power, id",52807
"shoshone, id",40953
"teton, id",43521
"twin falls, id",44112
"valley, id",52298
"washington, id",40050
"adams, il",51779
"alexander, il",43272
"bond, il",41745
"boone, il",51066
"brown, il",41094
"bureau, il",47081
"calhoun, il",47665
"carroll, il",50871
"cass, il",48079
"champaign, il",49187
"christian, il",46873
"clark, il",46560
"clay, il",45559
"clinton, il",51095
"coles, il",45967
"cook, il",69935
"crawford, il",50986
"cumberland, il",80116
"de witt, il",53339
"dekalb, il",45555
"douglas, il",55721
"dupage, il",79127
"edgar, il",48411
"edwards, il",45295
"effingham, il",54838
"fayette, il",40786
"ford, il",58512
"franklin, il",41625
"fulton, il",42264
"gallatin, il",48856
"greene, il",42437
"grundy, il",61862
"hamilton, il",48255
"hancock, il",51388
"hardin, il",40720
"henderson, il",48805
"henry, il",51103
"iroquois, il",51824
"jackson, il",40297
"jasper, il",48090
"jefferson, il",44163
"jersey, il",46828
"jo daviess, il",53399
"johnson, il",39793
"kane, il",55976
"kankakee, il",46988
"kendall, il",53998
"knox, il",44921
"lake, il",85159
"lasalle, il",49292
"lawrence, il",35878
"lee, il",47249
"livingston, il",52100
"logan, il",41682
"macon, il",52196
"macoupin, il",45948
"madison, il",51433
"marion, il",46966
"marshall, il",51165
"mason, il",47178
"massac, il",44089
"mcdonough, il",41685
"mchenry, il",60097
"mclean, il",54639
"menard, il",51028
"mercer, il",53966
"monroe, il",61366
"montgomery, il",40180
"morgan, il",43763
"moultrie, il",69297
"ogle, il",50110
"peoria, il",54609
"perry, il",41366
"piatt, il",59952
"pike, il",47052
"pope, il",33286
"pulaski, il",43533
"putnam, il",66839
"randolph, il",41919
"richland, il",46318
"rock island, il",48492
"saline, il",44321
"sangamon, il",52891
"schuyler, il",49505
"scott, il",47152
"shelby, il",45745
"st. clair, il",49646
"stark, il",51267
"stephenson, il",46534
"tazewell, il",51920
"union, il",48028
"vermilion, il",44533
"wabash, il",47543
"warren, il",47232
"washington, il",53789
"wayne, il",44127
"white, il",52223
"whiteside, il",48757
"will, il",57700
"williamson, il",48625
"winnebago, il",47404
"woodford, il",56797
"adams, in",42452
"allen, in",50327
"bartholomew, in",55804
"benton, in",48450
"blackford, in",41561
"boone, in",80314
"brown, in",51505
"carroll, in",46792
"cass, in",44305
"clark, in",48210
"clay, in",41941
"clinton, in",43027
"crawford, in",38276
"daviess, in",47919
"dearborn, in",52778
"decatur, in",48033
"dekalb, in",48937
"delaware, in",40948
"dubois, in",59524
"elkhart, in",49875
"fayette, in",45375
"floyd, in",60233
"fountain, in",44685
"franklin, in",51316
"fulton, in",46613
"gibson, in",48976
"grant, in",43997
"greene, in",44437
"hamilton, in",80426
"hancock, in",55084
"harrison, in",46468
"hendricks, in",55169
"henry, in",43016
"howard, in",44945
"huntington, in",45969
"jackson, in",47673
"jasper, in",48987
"jay, in",42194
"jefferson, in",48068
"jennings, in",45380
"johnson, in",53081
"knox, in",49156
"kosciusko, in",51687
"lagrange, in",45115
"lake, in",49229
"laporte, in",46274
"lawrence, in",45897
"madison, in",42283
"marion, in",59264
"marshall, in",45277
"martin, in",44160
"miami, in",37669
"monroe, in",46693
"montgomery, in",44415
"morgan, in",47894
"newton, in",46215
"noble, in",44436
"ohio, in",44555
"orange, in",41640
"owen, in",45143
"parke, in",41554
"perry, in",40140
"pike, in",44603
"porter, in",57654
"posey, in",54646
"pulaski, in",50558
"putnam, in",41404
"randolph, in",44027
"ripley, in",46992
"rush, in",49889
"scott, in",41981
"shelby, in",48628
"spencer, in",47890
"st. joseph, in",51141
"starke, in",38910
"steuben, in",48032
"sullivan, in",39903
"switzerland, in",35647
"tippecanoe, in",41446
"tipton, in",50127
"union, in",43626
"vanderburgh, in",50033
"vermillion, in",41997
"vigo, in",41895
"wabash, in",46847
"warren, in",49845
"warrick, in",60188
"washington, in",43519
"wayne, in",45499
"wells, in",45704
"white, in",47633
"whitley, in",49256
"adair, ia",56422
"adams, ia",59569
"allamakee, ia",51107
"appanoose, ia",42125
"audubon, ia",54313
"benton, ia",57277
"black hawk, ia",49133
"boone, ia",52028
"bremer, ia",52608
"buchanan, ia",51065
"buena vista, ia",48077
"butler, ia",49428
"calhoun, ia",52585
"carroll, ia",56244
"cass, ia",50849
"cedar, ia",56528
"cerro gordo, ia",53643
"cherokee, ia",60881
"chickasaw, ia",59495
"clarke, ia",43807
"clay, ia",54395
"clayton, ia",53657
"clinton, ia",48328
"crawford, ia",45230
"dallas, ia",70851
"davis, ia",41649
"decatur, ia",38347
"delaware, ia",54843
"des moines, ia",51704
"dickinson, ia",63319
"dubuque, ia",54751
"emmet, ia",46654
"fayette, ia",47373
"floyd, ia",50215
"franklin, ia",51028
"fremont, ia",50870
"greene, ia",52647
"grundy, ia",55615
"guthrie, ia",54755
"hamilton, ia",51584
"hancock, ia",54318
"hardin, ia",50328
"harrison, ia",49678
"henry, ia",46541
"howard, ia",52726
"humboldt, ia",52298
"ida, ia",57429
"iowa, ia",58759
"jackson, ia",49878
"jasper, ia",46473
"jefferson, ia",42674
"johnson, ia",56573
"jones, ia",47506
"keokuk, ia",48599
"kossuth, ia",53422
"lee, ia",45548
"linn, ia",56592
"louisa, ia",44821
"lucas, ia",44707
"lyon, ia",57766
"madison, ia",53244
"mahaska, ia",46388
"marion, ia",53648
"marshall, ia",47696
"mills, ia",60384
"mitchell, ia",62037
"monona, ia",50807
"monroe, ia",48423
"montgomery, ia",45665
"muscatine, ia",51135
"o'brien, ia",57629
"osceola, ia",50706
"page, ia",47321
"palo alto, ia",51679
"plymouth, ia",59460
"pocahontas, ia",53074
"polk, ia",57080
"pottawattamie, ia",47921
"poweshiek, ia",50139
"ringgold, ia",50196
"sac, ia",59653
"scott, ia",58465
"shelby, ia",55229
"sioux, ia",55209
"story, ia",45951
"tama, ia",52315
"taylor, ia",44763
"union, ia",43735
"van buren, ia",41781
"wapello, ia",42889
"warren, ia",54251
"washington, ia",59565
"wayne, ia",46743
"webster, ia",48862
"winnebago, ia",45722
"winneshiek, ia",54036
"woodbury, ia",47731
"worth, ia",45566
"wright, ia",52825
"allen, ks",45840
"anderson, ks",43864
"atchison, ks",42974
"barber, ks",49804
"barton, ks",49436
"bourbon, ks",44521
"brown, ks",48026
"butler, ks",50789
"chase, ks",56852
"chautauqua, ks",44908
"cherokee, ks",44739
"cheyenne, ks",54465
"clark, ks",60647
"clay, ks",47126
"cloud, ks",44452
"coffey, ks",56988
"comanche, ks",46141
"cowley, ks",42334
"crawford, ks",42963
"decatur, ks",51018
"dickinson, ks",47348
"doniphan, ks",44885
"douglas, ks",47494
"edwards, ks",61904
"elk, ks",42431
"ellis, ks",50785
"ellsworth, ks",47276
"finney, ks",46899
"ford, ks",45081
"franklin, ks",46437
"geary, ks",54663
"gove, ks",61150
"graham, ks",56190
"grant, ks",44835
"gray, ks",60355
"greeley, ks",89737
"greenwood, ks",46032
"hamilton, ks",75840
"harper, ks",57870
"harvey, ks",46698
"haskell, ks",56311
"hodgeman, ks",61030
"jackson, ks",46523
"jefferson, ks",48099
"jewell, ks",55860
"johnson, ks",80681
"kearny, ks",61932
"kingman, ks",50889
"kiowa, ks",48250
"labette, ks",47114
"lane, ks",72211
"leavenworth, ks",46176
"lincoln, ks",52328
"linn, ks",44155
"logan, ks",57732
"lyon, ks",43035
"marion, ks",46588
"marshall, ks",48358
"mcpherson, ks",58438
"meade, ks",65633
"miami, ks",52811
"mitchell, ks",63384
"montgomery, ks",40651
"morris, ks",48171
"morton, ks",54151
"nemaha, ks",56013
"neosho, ks",43566
"ness, ks",60508
"norton, ks",47679
"osage, ks",46698
"osborne, ks",51423
"ottawa, ks",45692
"pawnee, ks",43986
"phillips, ks",56496
"pottawatomie, ks",57495
"pratt, ks",53750
"rawlins, ks",65230
"reno, ks",44529
"republic, ks",49163
"rice, ks",46275
"riley, ks",45177
"rooks, ks",46817
"rush, ks",59190
"russell, ks",48430
"saline, ks",53320
"scott, ks",60520
"sedgwick, ks",56550
"seward, ks",43606
"shawnee, ks",51216
"sheridan, ks",50691
"sherman, ks",48439
"smith, ks",54497
"stafford, ks",50623
"stanton, ks",85633
"stevens, ks",48686
"sumner, ks",44392
"thomas, ks",51457
"trego, ks",56311
"wabaunsee, ks",54428
"wallace, ks",59159
"washington, ks",52731
"wichita, ks",61032
"wilson, ks",45341
"woodson, ks",43381
"wyandotte, ks",36961
"adair, ky",35880
"allen, ky",35499
"anderson, ky",44009
"ballard, ky",45124
"barren, ky",41057
"bath, ky",35333
"bell, ky",34618
"boone, ky",53405
"bourbon, ky",51624
"boyd, ky",43917
"boyle, ky",43024
"bracken, ky",42258
"breathitt, ky",38011
"breckinridge, ky",39084
"bullitt, ky",46618
"butler, ky",38969
"caldwell, ky",40364
"calloway, ky",38629
"campbell, ky",53445
"carlisle, ky",48900
"carroll, ky",41568
"carter, ky",36002
"casey, ky",36436
"christian, ky",42884
"clark, ky",43952
"clay, ky",35259
"clinton, ky",35609
"crittenden, ky",39879
"cumberland, ky",44628
"daviess, ky",46373
"edmonson, ky",37223
"elliott, ky",27001
"estill, ky",36569
"fayette, ky",54824
"fleming, ky",39846
"floyd, ky",41330
"franklin, ky",47009
"fulton, ky",39745
"gallatin, ky",38178
"garrard, ky",38822
"grant, ky",40772
"graves, ky",42264
"grayson, ky",38959
"green, ky",39882
"greenup, ky",45897
"hancock, ky",40261
"hardin, ky",47873
"harlan, ky",35824
"harrison, ky",41079
"hart, ky",37418
"henderson, ky",44793
"henry, ky",43426
"hickman, ky",46425
"hopkins, ky",42918
"jackson, ky",33106
"jefferson, ky",57863
"jessamine, ky",49406
"johnson, ky",37769
"kenton, ky",62500
"knott, ky",35697
"knox, ky",33797
"larue, ky",42333
"laurel, ky",37869
"lawrence, ky",36446
"lee, ky",32694
"leslie, ky",38666
"letcher, ky",35770
"lewis, ky",36806
"lincoln, ky",37303
"livingston, ky",43379
"logan, ky",40963
"lyon, ky",40843
"madison, ky",39093
"magoffin, ky",38033
"marion, ky",41225
"marshall, ky",45975
"martin, ky",32383
"mason, ky",45488
"mccracken, ky",52171
"mccreary, ky",30943
"mclean, ky",43162
"meade, ky",44720
"menifee, ky",35489
"mercer, ky",41025
"metcalfe, ky",35804
"monroe, ky",42638
"montgomery, ky",39549
"morgan, ky",31500
"muhlenberg, ky",37328
"nelson, ky",47784
"nicholas, ky",39531
"ohio, ky",36606
"oldham, ky",68986
"owen, ky",37464
"owsley, ky",36830
"pendleton, ky",46524
"perry, ky",43661
"pike, ky",39450
"powell, ky",37224
"pulaski, ky",41989
"robertson, ky",39137
"rockcastle, ky",35809
"rowan, ky",34561
"russell, ky",40672
"scott, ky",47509
"shelby, ky",50602
"simpson, ky",42537
"spencer, ky",49066
"taylor, ky",39488
"todd, ky",41672
"trigg, ky",41497
"trimble, ky",44227
"union, ky",41157
"warren, ky",40705
"washington, ky",41902
"wayne, ky",33258
"webster, ky",42496
"whitley, ky",38256
"wolfe, ky",36449
"woodford, ky",54911
"acadia, la",40916
"allen, la",37054
"ascension, la",54395
"assumption, la",51585
"avoyelles, la",41977
"beauregard, la",47003
"bienville, la",42372
"bossier, la",48907
"caddo, la",55047
"calcasieu, la",50994
"caldwell, la",38705
"cameron, la",49224
"catahoula, la",39357
"claiborne, la",36281
"concordia, la",38891
"de soto, la",45615
"east baton rouge, la",56484
"east carroll, la",41875
"east feliciana, la",44787
"evangeline, la",37820
"franklin, la",37754
"grant, la",34870
"iberia, la",44242
"iberville, la",46461
"jackson, la",37665
"jefferson, la",55373
"jefferson davis, la",45620
"lafayette, la",52507
"lafourche, la",48741
"lasalle, la",36116
"lincoln, la",44944
"livingston, la",45620
"madison, la",38337
"morehouse, la",44187
"natchitoches, la",43702
"orleans, la",57421
"ouachita, la",45661
"plaquemines, la",51456
"pointe coupee, la",52332
"rapides, la",50226
"red river, la",45680
"richland, la",42644
"sabine, la",38190
"st. bernard, la",36093
"st. charles, la",53148
"st. helena, la",48743
"st. james, la",56880
"st. john the baptist, la",45927
"st. landry, la",46131
"st. martin, la",42203
"st. mary, la",45760
"st. tammany, la",70190
"tangipahoa, la",41792
"tensas, la",44043
"terrebonne, la",45942
"union, la",43609
"vermilion, la",42526
"vernon, la",45320
"washington, la",38515
"webster, la",45088
"west baton rouge, la",51758
"west carroll, la",37148
"west feliciana, la",41145
"winn, la",41491
"androscoggin, me",46357
"aroostook, me",47605
"cumberland, me",68237
"franklin, me",43276
"hancock, me",55393
"kennebec, me",50469
"knox, me",54363
"lincoln, me",54300
"oxford, me",42327
"penobscot, me",47315
"piscataquis, me",42527
"sagadahoc, me",55965
"somerset, me",43134
"waldo, me",47495
"washington, me",45558
"york, me",58038
"allegany, md",43970
"anne arundel, md",72197
"baltimore, md",66585
"baltimore city, md",54097
"calvert, md",66469
"caroline, md",48393
"carroll, md",66901
"cecil, md",51853
"charles, md",61324
"dorchester, md",49921
"frederick, md",66664
"garrett, md",48630
"harford, md",63432
"howard, md",81969
"kent, md",64331
"montgomery, md",89552
"prince george's, md",54195
"queen anne's, md",67861
"somerset, md",32531
"st. mary's, md",61144
"talbot, md",76528
"washington, md",50493
"wicomico, md",44184
"worcester, md",59881
"barnstable, ma",80420
"berkshire, ma",61872
"bristol, ma",61031
"dukes, ma",89757
"essex, ma",74519
"franklin, ma",59853
"hampden, ma",57821
"hampshire, ma",57030
"middlesex, ma",90688
"nantucket, ma",114832
"norfolk, ma",98019
"plymouth, ma",74034
"suffolk, ma",90571
"worcester, ma",63286
"alcona, mi",44953
"alger, mi",37951
"allegan, mi",50091
"alpena, mi",45685
"antrim, mi",52490
"arenac, mi",43466
"baraga, mi",38750
"barry, mi",49232
"bay, mi",47786
"benzie, mi",50509
"berrien, mi",52395
"branch, mi",42356
"calhoun, mi",44729
"cass, mi",50365
"charlevoix, mi",57289
"cheboygan, mi",44801
"chippewa, mi",39693
"clare, mi",38655
"clinton, mi",51053
"crawford, mi",39405
"delta, mi",45260
"dickinson, mi",53526
"eaton, mi",47407
"emmet, mi",62918
"genesee, mi",46152
"gladwin, mi",40772
"gogebic, mi",47894
"grand traverse, mi",56861
"gratiot, mi",42067
"hillsdale, mi",39404
"houghton, mi",42884
"huron, mi",53638
"ingham, mi",44957
"ionia, mi",39366
"iosco, mi",43618
"iron, mi",49153
"isabella, mi",40021
"jackson, mi",44889
"kalamazoo, mi",52403
"kalkaska, mi",41545
"kent, mi",57397
"keweenaw, mi",51972
"lake, mi",39507
"lapeer, mi",49441
"leelanau, mi",73238
"lenawee, mi",44821
"livingston, mi",62622
"luce, mi",36339
"mackinac, mi",50217
"macomb, mi",52195
"manistee, mi",44382
"marquette, mi",44445
"mason, mi",45326
"mecosta, mi",37579
"menominee, mi",47594
"midland, mi",57561
"missaukee, mi",40298
"monroe, mi",52028
"montcalm, mi",40018
"montmorency, mi",42154
"muskegon, mi",44000
"newaygo, mi",42117
"oakland, mi",76941
"oceana, mi",43261
"ogemaw, mi",39101
"ontonagon, mi",45761
"osceola, mi",41965
"oscoda, mi",36374
"otsego, mi",46166
"ottawa, mi",52759
"presque isle, mi",45872
"roscommon, mi",41258
"saginaw, mi",45328
"sanilac, mi",44093
"schoolcraft, mi",45281
"shiawassee, mi",44855
"st. clair, mi",50107
"st. joseph, mi",43818
"tuscola, mi",43073
"van buren, mi",45869
"washtenaw, mi",63655
"wayne, mi",48788
"wexford, mi",41545
"aitkin, mn",46390
"anoka, mn",55694
"becker, mn",51772
"beltrami, mn",45368
"benton, mn",49403
"big stone, mn",62498
"blue earth, mn",49288
"brown, mn",59763
"carlton, mn",47227
"carver, mn",75677
"cass, mn",51340
"chippewa, mn",56148
"chisago, mn",53140
"clay, mn",47522
"clearwater, mn",49654
"cook, mn",56220
"cottonwood, mn",56130
"crow wing, mn",49092
"dakota, mn",64748
"dodge, mn",51585
"douglas, mn",56039
"faribault, mn",50321
"fillmore, mn",49630
"freeborn, mn",50364
"goodhue, mn",58303
"grant, mn",55429
"hennepin, mn",79183
"houston, mn",55443
"hubbard, mn",52122
"isanti, mn",49082
"itasca, mn",48872
"jackson, mn",62789
"kanabec, mn",48092
"kandiyohi, mn",57122
"kittson, mn",63181
"koochiching, mn",49019
"lac qui parle, mn",60286
"lake, mn",51683
"lake of the woods, mn",60435
"le sueur, mn",54361
"lincoln, mn",53464
"lyon, mn",54589
"mahnomen, mn",40781
"marshall, mn",63090
"martin, mn",57955
"mcleod, mn",54149
"meeker, mn",49478
"mille lacs, mn",47379
"morrison, mn",47610
"mower, mn",50537
"murray, mn",63620
"nicollet, mn",53083
"nobles, mn",53881
"norman, mn",51626
"olmsted, mn",63100
"otter tail, mn",52707
"pennington, mn",61825
"pine, mn",42237
"pipestone, mn",59326
"polk, mn",55849
"pope, mn",56561
"ramsey, mn",58557
"red lake, mn",55620
"redwood, mn",61772
"renville, mn",58489
"rice, mn",47839
"rock, mn",59225
"roseau, mn",55999
"scott, mn",65655
"sherburne, mn",50710
"sibley, mn",53677
"st. louis, mn",50986
"stearns, mn",51216
"steele, mn",51703
"stevens, mn",55345
"swift, mn",56060
"todd, mn",47123
"traverse, mn",74000
"wabasha, mn",53837
"wadena, mn",43925
"waseca, mn",47139
"washington, mn",72273
"watonwan, mn",53034
"wilkin, mn",62497
"winona, mn",52198
"wright, mn",55218
"yellow medicine, mn",61315
"adams, ms",38331
"alcorn, ms",38956
"amite, ms",37692
"attala, ms",37962
"benton, ms",34691
"bolivar, ms",42767
"calhoun, ms",38017
"carroll, ms",41624
"chickasaw, ms",40254
"choctaw, ms",38813
"claiborne, ms",34852
"clarke, ms",42207
"clay, ms",42187
"coahoma, ms",40781
"copiah, ms",36414
"covington, ms",38250
"desoto, ms",45764
"forrest, ms",42175
"franklin, ms",38355
"george, ms",38668
"greene, ms",31102
"grenada, ms",40296
"hancock, ms",39455
"harrison, ms",41534
"hinds, ms",43452
"holmes, ms",33567
"humphreys, ms",40236
"issaquena, ms",38921
"itawamba, ms",39878
"jackson, ms",41575
"jasper, ms",41967
"jefferson, ms",38101
"jefferson davis, ms",33434
"jones, ms",40402
"kemper, ms",33841
"lafayette, ms",46037
"lamar, ms",43227
"lauderdale, ms",42673
"lawrence, ms",36649
"leake, ms",32239
"lee, ms",46138
"leflore, ms",43878
"lincoln, ms",42121
"lowndes, ms",44152
"madison, ms",68381
"marion, ms",41433
"marshall, ms",37543
"monroe, ms",39729
"montgomery, ms",39432
"neshoba, ms",38507
"newton, ms",37484
"noxubee, ms",37781
"oktibbeha, ms",37853
"panola, ms",37593
"pearl river, ms",40201
"perry, ms",36953
"pike, ms",34718
"pontotoc, ms",37342
"prentiss, ms",34158
"quitman, ms",34239
"rankin, ms",48295
"scott, ms",32840
"sharkey, ms",42775
"simpson, ms",38987
"smith, ms",36494
"stone, ms",37001
"sunflower, ms",35454
"tallahatchie, ms",33784
"tate, ms",40134
"tippah, ms",42051
"tishomingo, ms",37593
"tunica, ms",40994
"union, ms",36387
"walthall, ms",34814
"warren, ms",44422
"washington, ms",43778
"wayne, ms",36967
"webster, ms",43060
"wilkinson, ms",34759
"winston, ms",38970
"yalobusha, ms",41336
"yazoo, ms",33672
"adair, mo",34867
"andrew, mo",48186
"atchison, mo",53958
"audrain, mo",42029
"barry, mo",37114
"barton, mo",42031
"bates, mo",44523
"benton, mo",40318
"bollinger, mo",36548
"boone, mo",51330
"buchanan, mo",42653
"butler, mo",40255
"caldwell, mo",41488
"callaway, mo",42524
"camden, mo",40778
"cape girardeau, mo",47386
"carroll, mo",50990
"carter, mo",35898
"cass, mo",50654
"cedar, mo",34130
"chariton, mo",49650
"christian, mo",43602
"clark, mo",40825
"clay, mo",51619
"clinton, mo",46823
"cole, mo",51905
"cooper, mo",44486
"crawford, mo",38430
"dade, mo",38581
"dallas, mo",35840
"daviess, mo",37380
"dekalb, mo",36799
"dent, mo",36327
"douglas, mo",31031
"dunklin, mo",38821
"franklin, mo",48108
"gasconade, mo",43589
"gentry, mo",46483
"greene, mo",47388
"grundy, mo",39098
"harrison, mo",41238
"henry, mo",44780
"hickory, mo",31380
"holt, mo",56644
"howard, mo",43946
"howell, mo",37414
"iron, mo",36530
"jackson, mo",50209
"jasper, mo",42488
"jefferson, mo",46027
"johnson, mo",40207
"knox, mo",40933
"laclede, mo",38403
"lafayette, mo",45825
"lawrence, mo",36746
"lewis, mo",39481
"lincoln, mo",44032
"linn, mo",42456
"livingston, mo",43804
"macon, mo",44785
"madison, mo",40312
"maries, mo",37638
"marion, mo",44121
"mcdonald, mo",31941
"mercer, mo",35358
"miller, mo",39349
"mississippi, mo",37483
"moniteau, mo",41930
"monroe, mo",44528
"montgomery, mo",46688
"morgan, mo",42880
"new madrid, mo",41953
"newton, mo",41771
"nodaway, mo",36315
"oregon, mo",33166
"osage, mo",49250
"ozark, mo",33722
"pemiscot, mo",40931
"perry, mo",45002
"pettis, mo",40971
"phelps, mo",42030
"pike, mo",40471
"platte, mo",60698
"polk, mo",36944
"pulaski, mo",44732
"putnam, mo",39308
"ralls, mo",44688
"randolph, mo",42615
"ray, mo",46047
"reynolds, mo",38107
"ripley, mo",34297
"saline, mo",43076
"schuyler, mo",33550
"scotland, mo",41576
"scott, mo",44148
"shannon, mo",33071
"shelby, mo",45373
"st. charles, mo",56879
"st. clair, mo",33058
"st. francois, mo",37377
"st. louis, mo",78804
"st. louis city, mo",51041
"ste. genevieve, mo",44925
"stoddard, mo",41158
"stone, mo",41975
"sullivan, mo",44877
"taney, mo",38859
"texas, mo",32774
"vernon, mo",39496
"warren, mo",45011
"washington, mo",33148
"wayne, mo",34018
"webster, mo",35845
"worth, mo",41861
"wright, mo",35480
"beaverhead, mt",52501
"big horn, mt",35950
"blaine, mt",36301
"broadwater, mt",48786
"carbon, mt",56900
"carter, mt",53760
"cascade, mt",52226
"chouteau, mt",48627
"custer, mt",51268
"daniels, mt",64205
"dawson, mt",50972
"deer lodge, mt",45039
"fallon, mt",54203
"fergus, mt",48900
"flathead, mt",52740
"gallatin, mt",63432
"garfield, mt",44812
"glacier, mt",41773
"golden valley, mt",56481
"granite, mt",49242
"hill, mt",50018
"jefferson, mt",52770
"judith basin, mt",56953
"lake, mt",44068
"lewis and clark, mt",54040
"liberty, mt",51268
"lincoln, mt",41129
"madison, mt",57112
"mccone, mt",48924
"meagher, mt",49730
"mineral, mt",43233
"missoula, mt",54353
"musselshell, mt",49756
"park, mt",55213
"petroleum, mt",41080
"phillips, mt",48341
"pondera, mt",56218
"powder river, mt",44756
"powell, mt",47024
"prairie, mt",57918
"ravalli, mt",49860
"richland, mt",63761
"roosevelt, mt",41531
"rosebud, mt",50566
"sanders, mt",41398
"sheridan, mt",61236
"silver bow, mt",50672
"stillwater, mt",57382
"sweet grass, mt",54287
"teton, mt",53172
"toole, mt",60089
"treasure, mt",66721
"valley, mt",54556
"wheatland, mt",42348
"wibaux, mt",48913
"yellowstone, mt",56588
"adams, ne",53232
"antelope, ne",69121
"arthur, ne",53618
"banner, ne",59097
"blaine, ne",70372
"boone, ne",69564
"box butte, ne",53723
"boyd, ne",62078
"brown, ne",60280
"buffalo, ne",60230
"burt, ne",53602
"butler, ne",56101
"cass, ne",57220
"cedar, ne",58373
"chase, ne",68843
"cherry, ne",50817
"cheyenne, ne",50334
"clay, ne",57104
"colfax, ne",49977
"cuming, ne",71653
"custer, ne",54458
"dakota, ne",47062
"dawes, ne",43101
"dawson, ne",49096
"deuel, ne",43738
"dixon, ne",49974
"dodge, ne",52445
"douglas, ne",65737
"dundy, ne",86360
"fillmore, ne",63206
"franklin, ne",57959
"frontier, ne",46216
"furnas, ne",53727
"gage, ne",52843
"garden, ne",50671
"garfield, ne",47856
"gosper, ne",59049
"grant, ne",54922
"greeley, ne",56500
"hall, ne",47793
"hamilton, ne",61230
"harlan, ne",57828
"hayes, ne",79926
"hitchcock, ne",46667
"holt, ne",59853
"hooker, ne",54516
"howard, ne",50857
"jefferson, ne",53407
"johnson, ne",39498
"kearney, ne",61585
"keith, ne",51040
"keya paha, ne",66705
"kimball, ne",50075
"knox, ne",53356
"lancaster, ne",52887
"lincoln, ne",54043
"logan, ne",58616
"loup, ne",61740
"madison, ne",55104
"mcpherson, ne",62907
"merrick, ne",50870
"morrill, ne",63120
"nance, ne",46091
"nemaha, ne",51548
"nuckolls, ne",59449
"otoe, ne",57873
"pawnee, ne",51436
"perkins, ne",71191
"phelps, ne",59324
"pierce, ne",62493
"platte, ne",52316
"polk, ne",57312
"red willow, ne",52196
"richardson, ne",54773
"rock, ne",72590
"saline, ne",47785
"sarpy, ne",55173
"saunders, ne",56892
"scotts bluff, ne",49048
"seward, ne",56220
"sheridan, ne",56597
"sherman, ne",50461
"sioux, ne",64440
"stanton, ne",52621
"thayer, ne",60659
"thomas, ne",57805
"thurston, ne",45789
"valley, ne",59867
"washington, ne",60738
"wayne, ne",49143
"webster, ne",53815
"wheeler, ne",70710
"york, ne",56457
"carson city, nv",56510
"churchill, nv",50081
"clark, nv",51244
"douglas, nv",78416
"elko, nv",50429
"esmeralda, nv",42962
"eureka, nv",46792
"humboldt, nv",51772
"lander, nv",72931
"lincoln, nv",43357
"lyon, nv",44098
"mineral, nv",48982
"nye, nv",41367
"pershing, nv",37906
"storey, nv",65971
"washoe, nv",66076
"white pine, nv",50653
"belknap, nh",66919
"carroll, nh",63403
"cheshire, nh",56088
"coos, nh",49564
"grafton, nh",67943
"hillsborough, nh",66548
"merrimack, nh",63839
"rockingham, nh",80220
"strafford, nh",56104
"sullivan, nh",57602
"atlantic, nj",55802
"bergen, nj",91972
"burlington, nj",67154
"camden, nj",58830
"cape may, nj",67836
"cumberland, nj",45498
"essex, nj",70497
"gloucester, nj",60386
"hudson, nj",71682
"hunterdon, nj",95088
"mercer, nj",74218
"middlesex, nj",66640
"monmouth, nj",86091
"morris, nj",102227
"ocean, nj",57344
"passaic, nj",55775
"salem, nj",54578
"somerset, nj",112825
"sussex, nj",67814
"union, nj",72543
"warren, nj",60525
"bernalillo, nm",48683
"catron, nm",36171
"chaves, nm",43615
"cibola, nm",32755
"colfax, nm",45610
"curry, nm",48894
"de baca, nm",56603
"doña ana, nm",40218
"eddy, nm",62356
"grant, nm",45561
"guadalupe, nm",39140
"harding, nm",50723
"hidalgo, nm",48166
"lea, nm",47215
"lincoln, nm",44732
"los alamos, nm",76142
"luna, nm",38022
"mckinley, nm",32804
"mora, nm",45300
"otero, nm",38779
"quay, nm",44691
"rio arriba, nm",40771
"roosevelt, nm",46999
"san juan, nm",38370
"san miguel, nm",40675
"sandoval, nm",47257
"santa fe, nm",63004
"sierra, nm",47388
"socorro, nm",39055
"taos, nm",42965
"torrance, nm",37276
"union, nm",41932
"valencia, nm",38918
"albany, ny",66632
"allegany, ny",40840
"bronx, ny",43919
"broome, ny",49314
"cattaraugus, ny",45200
"cayuga, ny",48585
"chautauqua, ny",45357
"chemung, ny",49439
"chenango, ny",47842
"clinton, ny",48292
"columbia, ny",60859
"cortland, ny",45776
"delaware, ny",45822
"dutchess, ny",62319
"erie, ny",56748
"essex, ny",50824
"franklin, ny",42525
"fulton, ny",48957
"genesee, ny",49468
"greene, ny",52484
"hamilton, ny",60014
"herkimer, ny",47266
"jefferson, ny",53964
"kings, ny",59468
"lewis, ny",51992
"livingston, ny",49382
"madison, ny",49137
"monroe, ny",58299
"montgomery, ny",46332
"nassau, ny",96253
"new york, ny",191220
"niagara, ny",51506
"oneida, ny",50201
"onondaga, ny",58919
"ontario, ny",59335
"orange, ny",57688
"orleans, ny",44477
"oswego, ny",46210
"otsego, ny",49275
"putnam, ny",73152
"queens, ny",57085
"rensselaer, ny",54748
"richmond, ny",62558
"rockland, ny",66350
"saratoga, ny",77398
"schenectady, ny",58210
"schoharie, ny",46469
"schuyler, ny",46971
"seneca, ny",44065
"st. lawrence, ny",43034
"steuben, ny",50331
"suffolk, ny",76713
"sullivan, ny",52249
"tioga, ny",50990
"tompkins, ny",49486
"ulster, ny",56071
"warren, ny",59509
"washington, ny",46305
"wayne, ny",51282
"westchester, ny",115386
"wyoming, ny",47331
"yates, ny",45258
"alamance, nc",43973
"alexander, nc",40176
"alleghany, nc",40599
"anson, nc",38785
"ashe, nc",39612
"avery, nc",39437
"beaufort, nc",46363
"bertie, nc",40351
"bladen, nc",39264
"brunswick, nc",46829
"buncombe, nc",53309
"burke, nc",38946
"cabarrus, nc",49679
"caldwell, nc",38894
"camden, nc",48642
"carteret, nc",53276
"caswell, nc",39265
"catawba, nc",49193
"chatham, nc",66766
"cherokee, nc",36620
"chowan, nc",45388
"clay, nc",37625
"cleveland, nc",41616
"columbus, nc",37112
"craven, nc",48832
"cumberland, nc",42992
"currituck, nc",49152
"dare, nc",59240
"davidson, nc",43348
"davie, nc",52153
"duplin, nc",37872
"durham, nc",54056
"edgecombe, nc",39394
"forsyth, nc",51323
"franklin, nc",39490
"gaston, nc",44103
"gates, nc",41571
"graham, nc",37943
"granville, nc",42807
"greene, nc",34811
"guilford, nc",49856
"halifax, nc",39680
"harnett, nc",38280
"haywood, nc",43754
"henderson, nc",47385
"hertford, nc",36216
"hoke, nc",35411
"hyde, nc",42832
"iredell, nc",56201
"jackson, nc",38341
"johnston, nc",44087
"jones, nc",43254
"lee, nc",44870
"lenoir, nc",44361
"lincoln, nc",50216
"macon, nc",44564
"madison, nc",38148
"martin, nc",38301
"mcdowell, nc",37858
"mecklenburg, nc",65244
"mitchell, nc",39476
"montgomery, nc",39353
"moore, nc",54514
"nash, nc",45890
"new hanover, nc",50780
"northampton, nc",38402
"onslow, nc",43122
"orange, nc",67089
"pamlico, nc",45994
"pasquotank, nc",42529
"pender, nc",41292
"perquimans, nc",44402
"person, nc",41581
"pitt, nc",45169
"polk, nc",48125
"randolph, nc",41231
"richmond, nc",38554
"robeson, nc",33062
"rockingham, nc",40672
"rowan, nc",43724
"rutherford, nc",36714
"sampson, nc",38165
"scotland, nc",36247
"stanly, nc",42613
"stokes, nc",41186
"surry, nc",42133
"swain, nc",44213
"transylvania, nc",44747
"tyrrell, nc",37638
"union, nc",56820
"vance, nc",37774
"wake, nc",65450
"warren, nc",33779
"washington, nc",39912
"watauga, nc",40157
"wayne, nc",42882
"wilkes, nc",39518
"wilson, nc",43111
"yadkin, nc",41250
"yancey, nc",40422
"adams, nd",59255
"barnes, nd",64242
"benson, nd",45003
"billings, nd",82466
"bottineau, nd",68631
"bowman, nd",68963
"burke, nd",77237
"burleigh, nd",62801
"cass, nd",61899
"cavalier, nd",88702
"dickey, nd",71888
"divide, nd",62052
"dunn, nd",68491
"eddy, nd",74844
"emmons, nd",64430
"foster, nd",76313
"golden valley, nd",46435
"grand forks, nd",57659
"grant, nd",57761
"griggs, nd",73753
"hettinger, nd",59519
"kidder, nd",64918
"lamoure, nd",70351
"logan, nd",59859
"mchenry, nd",59320
"mcintosh, nd",70812
"mckenzie, nd",64035
"mclean, nd",66025
"mercer, nd",60497
"morton, nd",57708
"mountrail, nd",64982
"nelson, nd",75907
"oliver, nd",52076
"pembina, nd",72827
"pierce, nd",57159
"ramsey, nd",57250
"ransom, nd",65153
"renville, nd",80431
"richland, nd",54465
"rolette, nd",41884
"sargent, nd",67215
"sheridan, nd",58958
"sioux, nd",33675
"slope, nd",60039
"stark, nd",63650
"steele, nd",84674
"stutsman, nd",62694
"towner, nd",87632
"traill, nd",64096
"walsh, nd",63790
"ward, nd",57492
"wells, nd",79403
"williams, nd",64850
"adams, oh",39658
"allen, oh",46500
"ashland, oh",43041
"ashtabula, oh",43597
"athens, oh",36642
"auglaize, oh",52330
"belmont, oh",43354
"brown, oh",42275
"butler, oh",52598
"carroll, oh",44624
"champaign, oh",46605
"clark, oh",45363
"clermont, oh",60535
"clinton, oh",48542
"columbiana, oh",42771
"coshocton, oh",39640
"crawford, oh",43918
"cuyahoga, oh",59923
"darke, oh",48088
"defiance, oh",45385
"delaware, oh",79382
"erie, oh",56732
"fairfield, oh",51153
"fayette, oh",46261
"franklin, oh",55294
"fulton, oh",50349
"gallia, oh",43932
"geauga, oh",73958
"greene, oh",54645
"guernsey, oh",45218
"hamilton, oh",65035
"hancock, oh",54386
"hardin, oh",36506
"harrison, oh",42014
"henry, oh",50752
"highland, oh",41094
"hocking, oh",42337
"holmes, oh",48118
"huron, oh",45844
"jackson, oh",40663
"jefferson, oh",44375
"knox, oh",47964
"lake, oh",56085
"lawrence, oh",42905
"licking, oh",50810
"logan, oh",48471
"lorain, oh",51157
"lucas, oh",51024
"madison, oh",46679
"mahoning, oh",47729
"marion, oh",41449
"medina, oh",60514
"meigs, oh",39644
"mercer, oh",54527
"miami, oh",52469
"monroe, oh",41242
"montgomery, oh",51618
"morgan, oh",38583
"morrow, oh",44282
"muskingum, oh",46070
"noble, oh",30397
"ottawa, oh",57446
"paulding, oh",46097
"perry, oh",41913
"pickaway, oh",46033
"pike, oh",42774
"portage, oh",48285
"preble, oh",45016
"putnam, oh",54646
"richland, oh",43928
"ross, oh",42348
"sandusky, oh",46113
"scioto, oh",43820
"seneca, oh",44993
"shelby, oh",49956
"stark, oh",49592
"summit, oh",56821
"trumbull, oh",45142
"tuscarawas, oh",47937
"union, oh",64147
"van wert, oh",47339
"vinton, oh",38881
"warren, oh",65855
"washington, oh",47365
"wayne, oh",49901
"williams, oh",46040
"wood, oh",51147
"wyandot, oh",50573
"adair, ok",32724
"alfalfa, ok",43043
"atoka, ok",34758
"beaver, ok",57190
"beckham, ok",41041
"blaine, ok",44435
"bryan, ok",37561
"caddo, ok",39673
"canadian, ok",48267
"carter, ok",45874
"cherokee, ok",35764
"choctaw, ok",35627
"cimarron, ok",68446
"cleveland, ok",48042
"coal, ok",38938
"comanche, ok",45432
"cotton, ok",47794
"craig, ok",41477
"creek, ok",44706
"custer, ok",43373
"delaware, ok",35435
"dewey, ok",51656
"ellis, ok",55592
"garfield, ok",46702
"garvin, ok",42189
"grady, ok",43506
"grant, ok",53075
"greer, ok",32547
"harmon, ok",45688
"harper, ok",50223
"haskell, ok",33617
"hughes, ok",43758
"jackson, ok",46426
"jefferson, ok",37467
"johnston, ok",38971
"kay, ok",44718
"kingfisher, ok",58591
"kiowa, ok",40736
"latimer, ok",35756
"le flore, ok",35362
"lincoln, ok",39164
"logan, ok",46102
"love, ok",40353
"major, ok",45667
"marshall, ok",36800
"mayes, ok",39149
"mcclain, ok",49683
"mccurtain, ok",35511
"mcintosh, ok",38217
"murray, ok",45419
"muskogee, ok",39894
"noble, ok",47378
"nowata, ok",39961
"okfuskee, ok",33520
"oklahoma, ok",56971
"okmulgee, ok",37367
"osage, ok",38588
"ottawa, ok",40876
"pawnee, ok",39491
"payne, ok",40487
"pittsburg, ok",40786
"pontotoc, ok",47748
"pottawatomie, ok",40043
"pushmataha, ok",35650
"roger mills, ok",46054
"rogers, ok",50583
"seminole, ok",37463
"sequoyah, ok",36537
"stephens, ok",46027
"texas, ok",55434
"tillman, ok",38316
"tulsa, ok",65519
"wagoner, ok",43111
"washington, ok",58010
"washita, ok",38017
"woods, ok",47226
"woodward, ok",40710
"baker, or",46277
"benton, or",50399
"clackamas, or",64791
"clatsop, or",48777
"columbia, or",48749
"coos, or",50581
"crook, or",46179
"curry, or",48046
"deschutes, or",61216
"douglas, or",46342
"gilliam, or",67754
"grant, or",47569
"harney, or",47009
"hood river, or",60225
"jackson, or",51824
"jefferson, or",39552
"josephine, or",46913
"klamath, or",44513
"lake, or",47402
"lane, or",49583
"lincoln, or",47231
"linn, or",48040
"malheur, or",37964
"marion, or",48135
"morrow, or",58541
"multnomah, or",63852
"polk, or",45660
"sherman, or",66349
"tillamook, or",48060
"umatilla, or",46209
"union, or",45242
"wallowa, or",50303
"wasco, or",48643
"washington, or",66831
"wheeler, or",41366
"yamhill, or",51028
"adams, pa",54172
"allegheny, pa",68777
"armstrong, pa",51200
"beaver, pa",55449
"bedford, pa",46246
"berks, pa",55953
"blair, pa",52096
"bradford, pa",45979
"bucks, pa",80627
"butler, pa",64732
"cambria, pa",48637
"cameron, pa",53654
"carbon, pa",56868
"centre, pa",50615
"chester, pa",91927
"clarion, pa",45427
"clearfield, pa",50648
"clinton, pa",46338
"columbia, pa",47464
"crawford, pa",46356
"cumberland, pa",61596
"dauphin, pa",56792
"delaware, pa",73588
"elk, pa",53592
"erie, pa",50536
"fayette, pa",48007
"forest, pa",28271
"franklin, pa",51979
"fulton, pa",48976
"greene, pa",49103
"huntingdon, pa",43555
"indiana, pa",44472
"jefferson, pa",48971
"juniata, pa",50257
"lackawanna, pa",52580
"lancaster, pa",58434
"lawrence, pa",49059
"lebanon, pa",52743
"lehigh, pa",58402
"luzerne, pa",50391
"lycoming, pa",48721
"mckean, pa",47361
"mercer, pa",47063
"mifflin, pa",44242
"monroe, pa",48409
"montgomery, pa",86340
"montour, pa",62658
"northampton, pa",60179
"northumberland, pa",47336
"perry, pa",50095
"philadelphia, pa",58941
"pike, pa",53289
"potter, pa",47910
"schuylkill, pa",47425
"snyder, pa",47000
"somerset, pa",47035
"sullivan, pa",51266
"susquehanna, pa",49114
"tioga, pa",45319
"union, pa",45235
"venango, pa",47125
"warren, pa",46793
"washington, pa",62473
"wayne, pa",49172
"westmoreland, pa",57951
"wyoming, pa",50959
"york, pa",55761
"bristol, ri",83127
"kent, ri",65299
"newport, ri",76214
"providence, ri",53844
"washington, ri",71717
"abbeville, sc",38033
"aiken, sc",47118
"allendale, sc",38991
"anderson, sc",43459
"bamberg, sc",37596
"barnwell, sc",38682
"beaufort, sc",61298
"berkeley, sc",44134
"calhoun, sc",44655
"charleston, sc",66656
"cherokee, sc",36567
"chester, sc",38931
"chesterfield, sc",34477
"clarendon, sc",38001
"colleton, sc",40336
"darlington, sc",41928
"dillon, sc",33030
"dorchester, sc",42662
"edgefield, sc",41178
"fairfield, sc",41827
"florence, sc",46749
"georgetown, sc",51775
"greenville, sc",52213
"greenwood, sc",40786
"hampton, sc",39185
"horry, sc",42110
"jasper, sc",34446
"kershaw, sc",45782
"lancaster, sc",52999
"laurens, sc",38108
"lee, sc",36638
"lexington, sc",50188
"marion, sc",36606
"marlboro, sc",35748
"mccormick, sc",42422
"newberry, sc",41910
"oconee, sc",47511
"orangeburg, sc",38730
"pickens, sc",41770
"richland, sc",49678
"saluda, sc",37637
"spartanburg, sc",46543
"sumter, sc",43003
"union, sc",37515
"williamsburg, sc",38528
"york, sc",51772
"aurora, sd",50586
"beadle, sd",54493
"bennett, sd",41856
"bon homme, sd",43555
"brookings, sd",49278
"brown, sd",62587
"brule, sd",54352
"buffalo, sd",26748
"butte, sd",41250
"campbell, sd",71645
"charles mix, sd",47405
"clark, sd",70492
"clay, sd",43533
"codington, sd",55331
"corson, sd",31442
"custer, sd",53169
"davison, sd",55832
"day, sd",64064
"deuel, sd",62036
"dewey, sd",45889
"douglas, sd",62134
"edmunds, sd",67747
"fall river, sd",51509
"faulk, sd",67007
"grant, sd",65019
"gregory, sd",50244
"haakon, sd",66588
"hamlin, sd",51773
"hand, sd",69452
"hanson, sd",72728
"harding, sd",50355
"hughes, sd",55872
"hutchinson, sd",59341
"hyde, sd",64756
"jackson, sd",30705
"jerauld, sd",49991
"jones, sd",59264
"kingsbury, sd",70268
"lake, sd",57367
"lawrence, sd",55779
"lincoln, sd",74493
"lyman, sd",46934
"marshall, sd",65540
"mccook, sd",60576
"mcpherson, sd",60086
"meade, sd",49875
"mellette, sd",33840
"miner, sd",65604
"minnehaha, sd",64846
"moody, sd",60754
"oglala lakota, sd",29721
"pennington, sd",56496
"perkins, sd",48591
"potter, sd",87915
"roberts, sd",46059
"sanborn, sd",61709
"spink, sd",71321
"stanley, sd",60870
"sully, sd",100301
"todd, sd",28440
"tripp, sd",56765
"turner, sd",69250
"union, sd",123000
"walworth, sd",54033
"yankton, sd",55638
"ziebach, sd",26103
"anderson, tn",46225
"bedford, tn",41795
"benton, tn",36438
"bledsoe, tn",29572
"blount, tn",48601
"bradley, tn",42546
"campbell, tn",37229
"cannon, tn",39178
"carroll, tn",38461
"carter, tn",36431
"cheatham, tn",48180
"chester, tn",38107
"claiborne, tn",38347
"clay, tn",34456
"cocke, tn",36279
"coffee, tn",42990
"crockett, tn",42410
"cumberland, tn",40087
"davidson, tn",71659
"decatur, tn",44401
"dekalb, tn",42229
"dickson, tn",44476
"dyer, tn",44761
"fayette, tn",59214
"fentress, tn",36398
"franklin, tn",42890
"gibson, tn",41846
"giles, tn",41074
"grainger, tn",37480
"greene, tn",39310
"grundy, tn",36129
"hamblen, tn",40627
"hamilton, tn",55911
"hancock, tn",31243
"hardeman, tn",33036
"hardin, tn",43171
"hawkins, tn",37460
"haywood, tn",37669
"henderson, tn",39940
"henry, tn",44075
"hickman, tn",36316
"houston, tn",36777
"humphreys, tn",41569
"jackson, tn",34645
"jefferson, tn",40493
"johnson, tn",35745
"knox, tn",54642
"lake, tn",25921
"lauderdale, tn",35267
"lawrence, tn",37918
"lewis, tn",38830
"lincoln, tn",45271
"loudon, tn",53519
"macon, tn",35472
"madison, tn",46574
"marion, tn",42471
"marshall, tn",42427
"maury, tn",47100
"mcminn, tn",39986
"mcnairy, tn",35687
"meigs, tn",37539
"monroe, tn",37822
"montgomery, tn",45871
"moore, tn",44085
"morgan, tn",33373
"obion, tn",45152
"overton, tn",37105
"perry, tn",37130
"pickett, tn",40804
"polk, tn",36639
"putnam, tn",42722
"rhea, tn",38408
"roane, tn",44706
"robertson, tn",46746
"rutherford, tn",45374
"scott, tn",33425
"sequatchie, tn",42009
"sevier, tn",44209
"shelby, tn",53855
"smith, tn",42452
"stewart, tn",44108
"sullivan, tn",45789
"sumner, tn",52403
"tipton, tn",43147
"trousdale, tn",32960
"unicoi, tn",39357
"union, tn",35370
"van buren, tn",34084
"warren, tn",37857
"washington, tn",47940
"wayne, tn",32631
"weakley, tn",41159
"white, tn",36062
"williamson, tn",94748
"wilson, tn",53628
"anderson, tx",38807
"andrews, tx",50248
"angelina, tx",42536
"aransas, tx",54374
"archer, tx",55290
"armstrong, tx",60233
"atascosa, tx",41599
"austin, tx",55686
"bailey, tx",49737
"bandera, tx",48461
"bastrop, tx",42177
"baylor, tx",53984
"bee, tx",31834
"bell, tx",46594
"bexar, tx",48569
"blanco, tx",58805
"borden, tx",66783
"bosque, tx",45635
"bowie, tx",44151
"brazoria, tx",51812
"brazos, tx",43430
"brewster, tx",52483
"briscoe, tx",45758
"brooks, tx",41529
"brown, tx",42771
"burleson, tx",49975
"burnet, tx",53751
"caldwell, tx",38734
"calhoun, tx",52180
"callahan, tx",45798
"cameron, tx",33690
"camp, tx",40272
"carson, tx",48021
"cass, tx",41275
"castro, tx",71612
"chambers, tx",59687
"cherokee, tx",38190
"childress, tx",34028
"clay, tx",48038
"cochran, tx",44903
"coke, tx",45856
"coleman, tx",47128
"collin, tx",71246
"collingsworth, tx",44903
"colorado, tx",51732
"comal, tx",62994
"comanche, tx",47959
"concho, tx",41219
"cooke, tx",54759
"coryell, tx",38222
"cottle, tx",68268
"crane, tx",49749
"crockett, tx",46364
"crosby, tx",41146
"culberson, tx",69350
"dallam, tx",65132
"dallas, tx",65401
"dawson, tx",42595
"deaf smith, tx",54950
"delta, tx",43628
"denton, tx",63283
"dewitt, tx",60890
"dickens, tx",38730
"dimmit, tx",44874
"donley, tx",45336
"duval, tx",42410
"eastland, tx",65416
"ector, tx",49887
"edwards, tx",55329
"el paso, tx",41818
"ellis, tx",49333
"erath, tx",43900
"falls, tx",39865
"fannin, tx",42562
"fayette, tx",57962
"fisher, tx",49100
"floyd, tx",42627
"foard, tx",52630
"fort bend, tx",61791
"franklin, tx",44725
"freestone, tx",40407
"frio, tx",33407
"gaines, tx",47826
"galveston, tx",57941
"garza, tx",31223
"gillespie, tx",68885
"glasscock, tx",87334
"goliad, tx",49513
"gonzales, tx",47272
"gray, tx",45091
"grayson, tx",47045
"gregg, tx",49152
"grimes, tx",39033
"guadalupe, tx",49405
"hale, tx",38674
"hall, tx",35416
"hamilton, tx",65685
"hansford, tx",66588
"hardeman, tx",45863
"hardin, tx",49159
"harris, tx",60183
"harrison, tx",45396
"hartley, tx",76005
"haskell, tx",46070
"hays, tx",50212
"hemphill, tx",61340
"henderson, tx",43356
"hidalgo, tx",31153
"hill, tx",44776
"hockley, tx",46051
"hood, tx",55132
"hopkins, tx",45219
"houston, tx",44693
"howard, tx",45105
"hudspeth, tx",26835
"hunt, tx",42819
"hutchinson, tx",46860
"irion, tx",72353
"jack, tx",41038
"jackson, tx",47642
"jasper, tx",43486
"jeff davis, tx",48623
"jefferson, tx",46547
"jim hogg, tx",36847
"jim wells, tx",46483
"johnson, tx",47654
"jones, tx",35520
"karnes, tx",61330
"kaufman, tx",47580
"kendall, tx",84853
"kenedy, tx",46296
"kent, tx",51139
"kerr, tx",56093
"kimble, tx",48071
"king, tx",81541
"kinney, tx",35119
"kleberg, tx",43560
"knox, tx",42857
"la salle, tx",41114
"lamar, tx",46538
"lamb, tx",50667
"lampasas, tx",54153
"lavaca, tx",57399
"lee, tx",53791
"leon, tx",42878
"liberty, tx",40904
"limestone, tx",41072
"lipscomb, tx",83655
"live oak, tx",38734
"llano, tx",52538
"loving, tx",49072
"lubbock, tx",46502
"lynn, tx",40351
"madison, tx",35865
"marion, tx",42536
"martin, tx",64602
"mason, tx",49261
"matagorda, tx",48150
"maverick, tx",35133
"mcculloch, tx",41306
"mclennan, tx",45772
"mcmullen, tx",73356
"medina, tx",44456
"menard, tx",41220
"midland, tx",126631
"milam, tx",40552
"mills, tx",45663
"mitchell, tx",37113
"montague, tx",44790
"montgomery, tx",65516
"moore, tx",51476
"morris, tx",43036
"motley, tx",39505
"nacogdoches, tx",41188
"navarro, tx",42869
"newton, tx",36839
"nolan, tx",48017
"nueces, tx",47999
"ochiltree, tx",59892
"oldham, tx",56033
"orange, tx",48173
"palo pinto, tx",45095
"panola, tx",47191
"parker, tx",59929
"parmer, tx",57137
"pecos, tx",40391
"polk, tx",42830
"potter, tx",49498
"presidio, tx",53222
"rains, tx",38200
"randall, tx",52391
"reagan, tx",54091
"real, tx",40667
"red river, tx",47762
"reeves, tx",44232
"refugio, tx",48266
"roberts, tx",52804
"robertson, tx",45866
"rockwall, tx",64943
"runnels, tx",44352
"rusk, tx",39551
"sabine, tx",40477
"san augustine, tx",43642
"san jacinto, tx",39298
"san patricio, tx",48391
"san saba, tx",40340
"schleicher, tx",46015
"scurry, tx",47272
"shackelford, tx",86294
"shelby, tx",44038
"sherman, tx",91855
"smith, tx",57076
"somervell, tx",50164
"starr, tx",32146
"stephens, tx",45759
"sterling, tx",63329
"stonewall, tx",59419
"sutton, tx",56622
"swisher, tx",53734
"tarrant, tx",55615
"taylor, tx",52429
"terrell, tx",61631
"terry, tx",41634
"throckmorton, tx",44582
"titus, tx",41207
"tom green, tx",52947
"travis, tx",74032
"trinity, tx",39206
"tyler, tx",36694
"upshur, tx",39674
"upton, tx",50428
"uvalde, tx",45255
"val verde, tx",41079
"van zandt, tx",42656
"victoria, tx",53881
"walker, tx",32334
"waller, tx",44779
"ward, tx",48109
"washington, tx",58426
"webb, tx",35626
"wharton, tx",48384
"wheeler, tx",48691
"wichita, tx",46322
"wilbarger, tx",49537
"willacy, tx",31710
"williamson, tx",56693
"wilson, tx",49745
"winkler, tx",62259
"wise, tx",48435
"wood, tx",42978
"yoakum, tx",44395
"young, tx",53227
"zapata, tx",28981
"zavala, tx",33303
"beaver, ut",41667
"box elder, ut",44131
"cache, ut",44947
"carbon, ut",42459
"daggett, ut",48761
"davis, ut",51852
"duchesne, ut",40780
"emery, ut",38057
"garfield, ut",44411
"grand, ut",60928
"iron, ut",36412
"juab, ut",42531
"kane, ut",45074
"millard, ut",41843
"morgan, ut",58631
"piute, ut",48595
"rich, ut",42762
"salt lake, ut",59077
"san juan, ut",30198
"sanpete, ut",32927
"sevier, ut",39383
"summit, ut",156537
"tooele, ut",41301
"uintah, ut",32945
"utah, ut",46465
"wasatch, ut",61653
"washington, ut",43782
"wayne, ut",46145
"weber, ut",46675
"addison, vt",55981
"bennington, vt",59131
"caledonia, vt",48094
"chittenden, vt",64605
"essex, vt",44173
"franklin, vt",52181
"grand isle, vt",64231
"lamoille, vt",59635
"orange, vt",53146
"orleans, vt",49998
"rutland, vt",57283
"washington, vt",64997
"windham, vt",56610
"windsor, vt",63786
"accomack, va",53762
"alexandria, va",93835
"amelia, va",46780
"amherst, va",40293
"appomattox, va",41750
"arlington, va",100823
"bath, va",70050
"bedford, va",49457
"bland, va",39609
"botetourt, va",53767
"brunswick, va",36499
"buchanan, va",38969
"buckingham, va",33425
"caroline, va",46682
"charles city, va",51498
"charlotte, va",38547
"chesapeake, va",53622
"chesterfield, va",58069
"clarke, va",69117
"craig, va",41988
"culpeper, va",50509
"cumberland, va",41225
"dickenson, va",37046
"essex, va",46657
"fauquier, va",74801
"floyd, va",42304
"fluvanna, va",48440
"franklin, va",44821
"giles, va",43561
"gloucester, va",53341
"goochland, va",105619
"grayson, va",35093
"greene, va",48573
"halifax, va",40542
"hampton, va",46165
"hanover, va",64704
"henrico, va",69872
"highland, va",46315
"isle of wight, va",59285
"king and queen, va",48888
"king george, va",57377
"king william, va",50951
"lancaster, va",63885
"lee, va",33056
"loudoun, va",84374
"louisa, va",46040
"lunenburg, va",35793
"madison, va",51608
"mathews, va",59026
"mecklenburg, va",40693
"middlesex, va",55466
"nelson, va",55869
"new kent, va",77957
"newport news, va",45781
"norfolk, va",42996
"northampton, va",62614
"northumberland, va",57093
"nottoway, va",38594
"orange, va",53217
"page, va",42307
"patrick, va",36426
"portsmouth, va",44871
"powhatan, va",61547
"prince edward, va",33868
"pulaski, va",43583
"rappahannock, va",70807
"richmond, va",40791
"richmond, va",59148
"roanoke, va",46727
"russell, va",36423
"scott, va",35882
"shenandoah, va",49948
"smyth, va",40220
"stafford, va",58635
"suffolk, va",55561
"surry, va",47927
"sussex, va",35062
"tazewell, va",39795
"virginia beach, va",60796
"warren, va",50504
"westmoreland, va",48577
"wythe, va",39116
"adams, wa",49618
"asotin, wa",49273
"benton, wa",51757
"chelan, wa",60518
"clallam, wa",49718
"clark, wa",57863
"columbia, wa",57249
"cowlitz, wa",48232
"douglas, wa",45305
"ferry, wa",39899
"franklin, wa",43271
"garfield, wa",57967
"grant, wa",48468
"grays harbor, wa",43710
"island, wa",59200
"jefferson, wa",56585
"king, wa",96647
"kitsap, wa",60704
"kittitas, wa",45267
"klickitat, wa",51973
"lewis, wa",47752
"lincoln, wa",50851
"mason, wa",45901
"okanogan, wa",47535
"pacific, wa",43749
"pend oreille, wa",46571
"pierce, wa",56532
"san juan, wa",81858
"skagit, wa",57315
"skamania, wa",49519
"snohomish, wa",62267
"spokane, wa",50038
"stevens, wa",42740
"thurston, wa",56007
"wahkiakum, wa",47027
"walla walla, wa",51767
"whatcom, wa",52787
"whitman, wa",44628
"yakima, wa",49099
"barbour, wv",35878
"berkeley, wv",45610
"boone, wv",39493
"braxton, wv",34972
"brooke, wv",49579
"cabell, wv",46805
"calhoun, wv",34734
"clay, wv",35702
"doddridge, wv",32085
"fayette, wv",38680
"gilmer, wv",31020
"grant, wv",40571
"greenbrier, wv",40759
"hampshire, wv",39802
"hancock, wv",47007
"hardy, wv",38269
"harrison, wv",52124
"jackson, wv",41622
"jefferson, wv",54836
"kanawha, wv",52969
"lewis, wv",43634
"lincoln, wv",35309
"logan, wv",41110
"marion, wv",45684
"marshall, wv",44092
"mason, wv",37641
"mcdowell, wv",34918
"mercer, wv",41372
"mineral, wv",45193
"mingo, wv",35115
"monongalia, wv",48802
"monroe, wv",35005
"morgan, wv",39311
"nicholas, wv",37492
"ohio, wv",61452
"pendleton, wv",40054
"pleasants, wv",46074
"pocahontas, wv",43810
"preston, wv",40563
"putnam, wv",50363
"raleigh, wv",45356
"randolph, wv",41194
"ritchie, wv",42068
"roane, wv",40224
"summers, wv",37181
"taylor, wv",43460
"tucker, wv",47175
"tyler, wv",41195
"upshur, wv",37337
"wayne, wv",37566
"webster, wv",33320
"wetzel, wv",38428
"wirt, wv",35205
"wood, wv",48566
"wyoming, wv",33534
"adams, wi",44159
"ashland, wi",44520
"barron, wi",53179
"bayfield, wi",53369
"brown, wi",56093
"buffalo, wi",50518
"burnett, wi",48574
"calumet, wi",55460
"chippewa, wi",50639
"clark, wi",46154
"columbia, wi",56134
"crawford, wi",46113
"dane, wi",66094
"dodge, wi",48547
"door, wi",66516
"douglas, wi",45962
"dunn, wi",44626
"eau claire, wi",52141
"florence, wi",56604
"fond du lac, wi",52813
"forest, wi",44657
"grant, wi",49410
"green, wi",56620
"green lake, wi",47898
"iowa, wi",53603
"iron, wi",53164
"jackson, wi",49528
"jefferson, wi",49591
"juneau, wi",42620
"kenosha, wi",51229
"kewaunee, wi",52638
"la crosse, wi",54532
"lafayette, wi",48891
"langlade, wi",48036
"lincoln, wi",50216
"manitowoc, wi",50829
"marathon, wi",55136
"marinette, wi",49557
"marquette, wi",45391
"menominee, wi",35082
"milwaukee, wi",51002
"monroe, wi",45741
"oconto, wi",50060
"oneida, wi",54861
"outagamie, wi",54862
"ozaukee, wi",87395
"pepin, wi",54316
"pierce, wi",48775
"polk, wi",50730
"portage, wi",49815
"price, wi",49837
"racine, wi",53094
"richland, wi",48516
"rock, wi",48836
"rusk, wi",48292
"sauk, wi",55166
"sawyer, wi",50276
"shawano, wi",47067
"sheboygan, wi",55616
"st. croix, wi",59602
"taylor, wi",46070
"trempealeau, wi",48324
"vernon, wi",44976
"vilas, wi",55140
"walworth, wi",53546
"washburn, wi",52457
"washington, wi",62506
"waukesha, wi",75958
"waupaca, wi",49711
"waushara, wi",44594
"winnebago, wi",50840
"wood, wi",50929
"albany, wy",43148
"big horn, wy",43939
"campbell, wy",53932
"carbon, wy",59028
"converse, wy",64373
"crook, wy",47752
"fremont, wy",48350
"goshen, wy",44562
"hot springs, wy",67005
"johnson, wy",56748
"laramie, wy",55094
"lincoln, wy",48449
"natrona, wy",68447
"niobrara, wy",55291
"park, wy",59827
"platte, wy",52359
"sheridan, wy",61543
"sublette, wy",54496
"sweetwater, wy",54000
"teton, wy",220645
"uinta, wy",42854
"washakie, wy",54361
"weston, wy",47599